{
  "mean": [
    4.074908893191234,
    1.7961511290854368,
    58.25654190975478,
    0.555306621909708
  ],
  "scale": [
    2.0020671007632953,
    1.8151427633451365,
    18.123358237023968,
    0.15721107363255316
  ],
  "weight": [
    -1.2248457802673705,
    6.583068755270465,
    2.0890367368950193,
    -1.1655766098819131
  ],
  "bias": 0.32226663669901223
}