{
  "mean": -75.33289337158203,
  "std": 15.20792007446289,
  "n_mels": 64,
  "hop": 256,
  "sr": 16000,
  "excerpt_sec": 0.64
}